-- phpMyAdmin SQL Dump
-- version 4.2.12deb2+deb8u1
-- http://www.phpmyadmin.net
--
-- Host: localhost
-- Tempo de geração: 25/07/2016 às 14:55
-- Versão do servidor: 5.5.49-0+deb8u1
-- Versão do PHP: 5.6.22-0+deb8u1

SET SQL_MODE = "NO_AUTO_VALUE_ON_ZERO";
SET time_zone = "+00:00";


/*!40101 SET @OLD_CHARACTER_SET_CLIENT=@@CHARACTER_SET_CLIENT */;
/*!40101 SET @OLD_CHARACTER_SET_RESULTS=@@CHARACTER_SET_RESULTS */;
/*!40101 SET @OLD_COLLATION_CONNECTION=@@COLLATION_CONNECTION */;
/*!40101 SET NAMES utf8 */;

--
-- Banco de dados: `mauro`
--

-- --------------------------------------------------------

--
-- Estrutura para tabela `bancos`
--

CREATE TABLE IF NOT EXISTS `bancos` (
`id` int(11) NOT NULL,
  `codigo` int(11) NOT NULL,
  `nome` varchar(50) NOT NULL
) ENGINE=InnoDB AUTO_INCREMENT=6 DEFAULT CHARSET=latin1;

--
-- Fazendo dump de dados para tabela `bancos`
--

INSERT INTO `bancos` (`id`, `codigo`, `nome`) VALUES
(1, 237, 'BRADESCO'),
(2, 341, 'ITAU'),
(3, 353, 'SANTANDER'),
(4, 756, 'SICOOB'),
(5, 1, 'BANCO DO BRASIL');

-- --------------------------------------------------------

--
-- Estrutura para tabela `detalhes_op`
--

CREATE TABLE IF NOT EXISTS `detalhes_op` (
`id` int(11) NOT NULL,
  `id_op` int(11) NOT NULL,
  `codigo` varchar(11) NOT NULL,
  `descricao` varchar(500) NOT NULL
) ENGINE=InnoDB AUTO_INCREMENT=350 DEFAULT CHARSET=latin1;

--
-- Fazendo dump de dados para tabela `detalhes_op`
--

INSERT INTO `detalhes_op` (`id`, `id_op`, `codigo`, `descricao`) VALUES
(1, 1, '01', 'CPF'),
(2, 1, '02', 'CNPJ'),
(3, 1, '03', 'PIS/PASEP'),
(4, 1, '98', 'NÃO TEM'),
(5, 1, '99', 'OUTROS'),
(6, 2, '02', 'Entrada Confirmada'),
(7, 2, '03', 'Entrada Rejeitada'),
(8, 2, '06', 'Liquidação normal'),
(9, 2, '09', 'Baixado Automat. via Arquivo'),
(10, 2, '10', 'Baixado conforme instruções da Agência'),
(11, 2, '11', 'Em Ser - Arquivo de Títulos pendentes'),
(12, 2, '12', 'Abatimento Concedido'),
(13, 2, '13', 'Abatimento Cancelado'),
(14, 2, '14', 'Vencimento Alterado'),
(15, 2, '15', 'Liquidação em Cartório'),
(16, 2, '16', 'Título Pago em Cheque – Vinculado'),
(17, 2, '17', 'Liquidação após baixa ou Título não registrado'),
(18, 2, '18', 'Acerto de Depositária'),
(19, 2, '19', 'Confirmação Receb. Inst. de Protesto'),
(20, 2, '20', 'Confirmação Recebimento Instrução Sustação de Protesto'),
(21, 2, '21', 'Acerto do Controle do Participante'),
(22, 2, '22', 'Título Com Pagamento Cancelado'),
(23, 2, '23', 'Entrada do Título em Cartório'),
(24, 2, '24', 'Entrada rejeitada por CEP Irregular'),
(25, 2, '25', 'Confirmação Receb.Inst.de Protesto Falimentar'),
(26, 2, '27', 'Baixa Rejeitada'),
(27, 2, '28', 'Débito de tarifas/custas'),
(28, 2, '29', 'Ocorrências do Pagador'),
(29, 2, '30', 'Alteração de Outros Dados Rejeitados'),
(30, 2, '32', 'Instrução Rejeitada'),
(31, 2, '33', 'Confirmação Pedido Alteração Outros Dados '),
(32, 2, '34', 'Retirado de Cartório e Manutenção Carteira'),
(33, 2, '35', 'Desagendamento do débito automático'),
(34, 2, '40', 'Estorno de pagamento'),
(35, 2, '55', 'Sustado judicial'),
(36, 2, '68', 'Acerto dos dados do rateio de Crédito'),
(37, 2, '69', 'Cancelamento dos dados do rateio'),
(38, 2, '73', 'Confirmação Receb. Pedido de Negativação'),
(39, 2, '74', 'Confir Pedido de Excl de Negat (com ou sem baixa)'),
(40, 3, '01', 'CPF'),
(41, 3, '02', 'CNPJ'),
(42, 4, '02', 'ENTRADA CONFIRMADA COM POSSIBILIDADE DE MENSAGEM'),
(43, 4, '03', 'ENTRADA REJEITADA'),
(44, 4, '04', 'ALTERAÇÃO DE DADOS - NOVA ENTRADA OU ALTERAÇÃO/EXCLUSÃO DE DADOS ACATADA'),
(45, 4, '05', 'ALTERAÇÃO DE DADOS – BAIXA'),
(46, 4, '06', 'LIQUIDAÇÃO NORMAL'),
(47, 4, '07', 'LIQUIDAÇÃO PARCIAL – COBRANÇA INTELIGENTE (B2B)'),
(48, 4, '08', 'LIQUIDAÇÃO EM CARTÓRIO'),
(49, 4, '09', 'BAIXA SIMPLES'),
(50, 4, '10', 'BAIXA POR TER SIDO LIQUIDADO'),
(51, 4, '11', 'EM SER (SÓ NO RETORNO MENSAL)'),
(52, 4, '12', 'ABATIMENTO CONCEDIDO'),
(53, 4, '13', 'ABATIMENTO CANCELADO'),
(54, 4, '14', 'VENCIMENTO ALTERADO'),
(55, 4, '15', 'BAIXAS REJEITADAS'),
(56, 4, '16', 'INSTRUÇÕES REJEITADAS'),
(57, 4, '17', 'ALTERAÇÃO/EXCLUSÃO DE DADOS REJEITADOS'),
(58, 4, '18', 'COBRANÇA CONTRATUAL - INSTRUÇÕES/ALTERAÇÕES REJEITADAS/PENDENTES'),
(59, 4, '19', 'CONFIRMA RECEBIMENTO DE INSTRUÇÃO DE PROTESTO'),
(60, 4, '20', 'CONFIRMA RECEBIMENTO DE INSTRUÇÃO DE SUSTAÇÃO DE PROTESTO /TARIFA'),
(61, 4, '21', 'CONFIRMA RECEBIMENTO DE INSTRUÇÃO DE NÃO PROTESTAR'),
(62, 4, '23', 'TÍTULO ENVIADO A CARTÓRIO/TARIFA'),
(63, 4, '24', 'INSTRUÇÃO DE PROTESTO REJEITADA / SUSTADA / PENDENTE'),
(64, 4, '25', 'ALEGAÇÕES DO SACADO'),
(65, 4, '26', 'TARIFA DE AVISO DE COBRANÇA'),
(66, 4, '27', 'TARIFA DE EXTRATO POSIÇÃO'),
(67, 4, '28', 'TARIFA DE RELAÇÃO DAS LIQUIDAÇÕES'),
(68, 4, '29', 'TARIFA DE MANUTENÇÃO DE TÍTULOS VENCIDOS'),
(69, 4, '30', 'DÉBITO MENSAL DE TARIFAS (PARA ENTRADAS E BAIXAS)'),
(70, 4, '32', 'BAIXA POR TER SIDO PROTESTADO'),
(71, 4, '33', 'CUSTAS DE PROTESTO'),
(72, 4, '34', 'CUSTAS DE SUSTAÇÃO'),
(73, 4, '35', 'CUSTAS DE CARTÓRIO DISTRIBUIDOR'),
(74, 4, '36', 'CUSTAS DE EDITAL'),
(75, 4, '37', 'TARIFA DE EMISSÃO DE BOLETO/TARIFA DE ENVIO DE DUPLICATA'),
(76, 4, '38', 'TARIFA DE INSTRUÇÃO'),
(77, 4, '39', 'TARIFA DE OCORRÊNCIAS'),
(78, 4, '40', 'TARIFA MENSAL DE EMISSÃO DE BOLETO/TARIFA MENSAL DE ENVIO DE DUPLICATA'),
(79, 4, '41', 'DÉBITO MENSAL DE TARIFAS – EXTRATO DE POSIÇÃO (B4EP/B4OX)'),
(80, 4, '42', 'DÉBITO MENSAL DE TARIFAS – OUTRAS INSTRUÇÕES'),
(81, 4, '43', 'DÉBITO MENSAL DE TARIFAS – MANUTENÇÃO DE TÍTULOS VENCIDOS'),
(82, 4, '44', 'DÉBITO MENSAL DE TARIFAS – OUTRAS OCORRÊNCIAS'),
(83, 4, '45', 'DÉBITO MENSAL DE TARIFAS – PROTESTO'),
(84, 4, '46', 'DÉBITO MENSAL DE TARIFAS – SUSTAÇÃO DE PROTESTO'),
(85, 4, '47', 'BAIXA COM TRANSFERÊNCIA PARA DESCONTO'),
(86, 4, '48', 'CUSTAS DE SUSTAÇÃO JUDICIAL'),
(87, 4, '51', 'TARIFA MENSAL REF A ENTRADAS BANCOS CORRESPONDENTES NA CARTEIRA'),
(88, 4, '52', 'TARIFA MENSAL BAIXAS NA CARTEIRA'),
(89, 4, '53', 'TARIFA MENSAL BAIXAS EM BANCOS CORRESPONDENTES NA CARTEIRA'),
(90, 4, '54', 'TARIFA MENSAL DE LIQUIDAÇÕES NA CARTEIRA'),
(91, 4, '55', 'TARIFA MENSAL DE LIQUIDAÇÕES EM BANCOS CORRESPONDENTES NA CARTEIRA'),
(92, 4, '56', 'CUSTAS DE IRREGULARIDADE'),
(93, 4, '57', 'INSTRUÇÃO CANCELADA'),
(94, 4, '59', 'BAIXA POR CRÉDITO EM C/C ATRAVÉS DO SISPAG'),
(95, 4, '60', 'ENTRADA REJEITADA CARNÊ'),
(96, 4, '61', 'TARIFA EMISSÃO AVISO DE MOVIMENTAÇÃO DE TÍTULOS (2154)'),
(97, 4, '62', 'DÉBITO MENSAL DE TARIFA - AVISO DE MOVIMENTAÇÃO DE TÍTULOS (2154)'),
(98, 4, '63', 'TÍTULO SUSTADO JUDICIALMENTE'),
(99, 4, '64', 'ENTRADA CONFIRMADA COM RATEIO DE CRÉDITO'),
(100, 4, '69', 'CHEQUE DEVOLVIDO'),
(101, 4, '71', 'ENTRADA REGISTRADA, AGUARDANDO AVALIAÇÃO'),
(102, 4, '72', 'BAIXA POR CRÉDITO EM C/C ATRAVÉS DO SISPAG SEM TÍTULO CORRESPONDENTE'),
(103, 4, '73', 'CONFIRMAÇÃO DE ENTRADA NA COBRANÇA SIMPLES – ENTRADA NÃO ACEITA NA COBRANÇA CONTRATUAL'),
(104, 4, '76', 'CHEQUE COMPENSADO'),
(105, 5, '01', 'DUPLICATA MERCANTIL'),
(106, 5, '02', 'NOTA PROMISSÓRIA'),
(107, 5, '03', 'NOTA DE SEGURO'),
(108, 5, '04', 'MENSALIDADE ESCOLAR'),
(109, 5, '05', 'RECIBO'),
(110, 5, '06', 'CONTRATO'),
(111, 5, '07', 'COSSEGUROS'),
(112, 5, '08', 'DUPLICATA DE SERVIÇO'),
(113, 5, '09', 'LETRA DE CÂMBIO'),
(114, 5, '13', 'NOTA DE DÉBITOS'),
(115, 5, '15', 'DOCUMENTO DE DÍVIDA'),
(116, 5, '16', 'ENCARGOS CONDOMINIAIS'),
(117, 5, '17', 'CONTA DE PRESTAÇÃO DE SERVIÇOS'),
(118, 5, '99', 'DIVERSOS'),
(131, 6, 'AA', 'CAIXA ELETRÔNICO BANCO ITAÚ'),
(132, 6, 'AC', 'PAGAMENTO EM CARTÓRIO AUTOMATIZADO'),
(133, 6, 'AO', 'ACERTO ONLINE'),
(134, 6, 'BC', 'BANCOS CORRESPONDENTES'),
(135, 6, 'BF', 'ITAÚ BANKFONE'),
(136, 6, 'BL', 'ITAÚ BANKLINE'),
(137, 6, 'B0', 'OUTROS BANCOS – RECEBIMENTO OFF-LINE'),
(138, 6, 'B1', 'OUTROS BANCOS – PELO CÓDIGO DE BARRAS'),
(139, 6, 'B2', 'OUTROS BANCOS – PELA LINHA DIGITÁVEL'),
(140, 6, 'B3', 'OUTROS BANCOS – PELO AUTO ATENDIMENTO'),
(141, 6, 'B4', 'OUTROS BANCOS – RECEBIMENTO EM CASA LOTÉRICA'),
(142, 6, 'B5', 'OUTROS BANCOS – CORRESPONDENTE'),
(143, 6, 'B6', 'OUTROS BANCOS – TELEFONE'),
(144, 6, 'B7', 'OUTROS BANCOS – ARQUIVO ELETRÔNICO (Pagamento Efetuado por meio de troca de arquivos)'),
(145, 6, 'CC', 'AGÊNCIA ITAÚ – COM CHEQUE DE OUTRO BANCO ou (CHEQUE ITAÚ)*'),
(146, 6, 'CI', 'CORRESPONDENTE ITAÚ'),
(147, 6, 'CK', 'SISPAG – SISTEMA DE CONTAS A PAGAR ITAÚ'),
(148, 6, 'CP', 'AGÊNCIA ITAÚ – POR DÉBITO EM CONTA CORRENTE, CHEQUE ITAÚ* OU DINHEIRO'),
(149, 6, 'DG', 'AGÊNCIA ITAÚ – CAPTURADO EM OFF-LINE'),
(150, 6, 'LC', 'PAGAMENTO EM CARTÓRIO DE PROTESTO COM CHEQUE'),
(151, 6, 'EA', 'TERMINAL DE CAIXA'),
(152, 6, 'Q0', 'AGENDAMENTO – PAGAMENTO AGENDADO VIA BANKLINE OU OUTRO CANAL ELETRÔNICO E LIQUIDADO NA\r\nDATA INDICAD'),
(153, 6, 'RA', 'DIGITAÇÃO – REALIMENTAÇÃO AUTOMÁTICA'),
(154, 6, 'ST', 'PAGAMENTO VIA SELTEC**'),
(155, 7, '02', 'Entrada Confirmada'),
(156, 7, '03', 'Entrada Rejeitada'),
(157, 7, '04', 'Transferência de Carteira / Entrada'),
(158, 7, '05', 'Transferência de Carteira / Baixa'),
(159, 7, '06', 'Liquidação'),
(160, 7, '09', 'Baixa'),
(161, 7, '11', 'Títulos em Carteira'),
(162, 7, '12', 'Corfimação Recebimento Instrução de Abatimento'),
(163, 7, '13', 'Confirmação Recebimento Instrução Abatimento'),
(164, 7, '14', 'Confirmação Recebimento Instrução Alteração de Vencimento'),
(165, 7, '15', 'Franco de Pagamento'),
(166, 7, '17', 'Liquidação Após Baixa ou Liquidação Título Não Registrado'),
(167, 7, '19', 'Confirmação Recebimento Instrução de Protesto'),
(168, 7, '20', 'Confirmação Recebimento Instrução de\r\nSustação/Cancelamento de Protesto'),
(169, 7, '23', 'Remessa a Cartório (Aponte em Cartório)'),
(170, 7, '24', 'Retirada de Cartório e Manutenção em Carteira'),
(171, 7, '25', 'rotestado e Baixado(Baixa por ter sido Protestado)'),
(172, 7, '26', 'Instrução Rejeitada'),
(173, 7, '27', 'Confirmação do Pedido de Alteração de Outros Dados'),
(174, 7, '28', 'Débito de Tarifas/Custas'),
(175, 7, '29', 'Ocorrências do Sacado'),
(176, 7, '30', 'Alteração de Dados Rejeitada'),
(177, 7, '44', 'Título pago com cheque\r\ndevolvido'),
(178, 7, '50', 'Título pago com cheque pendente de\r\ncompensação'),
(179, 8, '02', 'Entrada confirmada'),
(180, 8, '03', 'Entrada Rejeitada'),
(181, 8, '04', 'Transferência de Carteira/Entrada'),
(182, 8, '05', 'Transferência de Carteira/Baixa'),
(183, 8, '06', 'Liquidação'),
(184, 8, '09', 'Baixa'),
(185, 8, '11', 'Títulos em Carteira (em ser)'),
(186, 8, '12', 'Confirmação Recebimento Instrução de Abatimento'),
(187, 8, '13', 'Confirmação Recebimento Instrução de Cancelamento Abatimento'),
(188, 8, '14', 'Confirmação Recebimento Instrução Alteração de Vencimento'),
(189, 8, '15', 'Franco de Pagamento'),
(190, 8, '17', 'Liquidação Após Baixa ou Liquidação Título Não Registrado'),
(191, 8, '19', 'Confirmação Recebimento Instrução de Protesto'),
(192, 8, '20', 'Confirmação Recebimento Instrução de Sustação/Cancelamento de Protesto'),
(193, 8, '23', 'Remessa a Cartório (Aponte em Cartório)'),
(194, 8, '24', 'Retirada de Cartório e Manutenção em Carteira'),
(195, 8, '25', 'Protestado e Baixado (Baixa por ter sido Protestado)'),
(196, 8, '26', 'Instrução Rejeitada'),
(197, 8, '27', 'Confirmação do Pedido de Alteração de Outros Dados'),
(198, 8, '28', 'Débito de Tarifas/Custas'),
(199, 8, '29', 'Ocorrências do Sacado'),
(200, 8, '30', 'Alteração de Dados Rejeitada'),
(201, 8, '44', 'Título pago com cheque devolvido'),
(202, 8, '50', 'Título pago com cheque pendente de compensação'),
(203, 8, 'A4', 'Sacado DDA'),
(204, 9, '1', 'CPF'),
(205, 9, '2', 'CNPJ'),
(206, 10, '1', 'CPF'),
(207, 10, '2', 'CNPJ'),
(208, 11, '1', 'CPF'),
(209, 11, '2', 'CNPJ'),
(210, 10, '01', 'CPF'),
(211, 10, '02', 'CNPJ'),
(212, 11, '01', 'CPF'),
(213, 11, '02', 'CNPJ'),
(214, 12, '1', 'CPF'),
(215, 12, '2', 'CNPJ'),
(216, 13, '02', 'Entrada confirmada'),
(217, 13, '03', 'Entrada rejeitada'),
(218, 13, '04', 'Transferência de carteira/entrada'),
(219, 13, '05', 'Transferência de carteira/baixa'),
(220, 13, '06', 'Liquidação'),
(221, 13, '09', 'Baixa'),
(222, 13, '11', 'Títulos em carteira ( em ser)'),
(223, 13, '12', 'Confirmação recebimento instrução de abatimento'),
(224, 13, '13', 'Confirmação recebimento instrução de cancelamento abatimento'),
(225, 13, '14', 'Confirmação recebimento instrução alteração de vencimento'),
(226, 13, '17', 'Liquidação após baixa ou liquidação título não registrado'),
(227, 13, '19', 'Confirmação recebimento instrução de protesto'),
(228, 13, '20', 'Confirmação recebimento instrução de sustação/Não Protestar'),
(229, 13, '23', 'Remessa a cartorio ( aponte em cartorio)'),
(230, 13, '24', 'Retirada de cartorio e manutenção em carteira'),
(231, 13, '25', 'Protestado e baixado ( baixa por ter sido protestado)'),
(232, 13, '26', 'Instrução rejeitada'),
(233, 13, '27', 'Confirmação do pedido de alteração de outros dados'),
(234, 13, '28', 'Debito de tarifas/custas'),
(235, 13, '29', 'Ocorrências do sacado'),
(236, 13, '30', 'Alteração de dados rejeitada'),
(237, 13, '51', 'Título DDA reconhecido pelo sacado'),
(238, 13, '52', 'Título DDA não reconhecido pelo sacado'),
(239, 13, '53', 'Título DDA recusado pela CIP'),
(240, 60, '01', 'CPF'),
(241, 60, '02', 'CNPJ'),
(242, 59, 'DM', 'Duplicata Mercantil'),
(243, 59, 'CH', 'Cheque'),
(244, 59, 'DS', 'Duplicata de Serviço'),
(245, 59, 'PC', 'Parcela de Consórcio'),
(246, 59, 'OU', 'Outros'),
(247, 61, '01', 'Simples Com Registro'),
(248, 61, '02', 'Simples Sem Registro'),
(249, 61, '03', 'Garantida Caucionada '),
(250, 62, '02', 'Confirmação Entrada Título;'),
(251, 62, '05', 'Liquidação Sem Registro: Identifica a liquidação de título da modalidade "SEM REGISTRO";'),
(252, 62, '06', 'Liquidação Normal: Identificar a liquidação de título de modalidade "REGISTRADA", com exceção dos títulos que forem liquidados em cartório (Cód. de movimento 15=Liquidação em Cartório);'),
(253, 62, '09', 'Baixa de Titulo: Identificar as baixas de títulos, com exceção da baixa realizada com o cód. de movimento 10 (Baixa - Pedido Beneficiário);'),
(254, 62, '10', 'Baixa Solicitada (Baixa - Pedido Beneficiário): Identificar as baixas de títulos comandadas a pedido do Beneficiário;'),
(255, 62, '11', ' Títulos em Ser: Identifica os títulos em carteira, que estiverem com a situação "em abarto" (vencidos e a vencer).'),
(256, 62, '14', 'Alteração de Vencimento;'),
(257, 62, '15', 'Liquidação em Cartório: Identifica as liquidações dos títulos ocorridas em cartórios de protesto;'),
(258, 62, '23', 'Encaminhado a Protesto: Identifica o recebimento da instrução de protesto'),
(259, 62, '27', 'Confirmação Alteração Dados.'),
(260, 62, '48', 'Confirmação de instrução de transferência de carteira/modalidade de cobrança'),
(261, 63, '01', 'Duplicata Mercantil'),
(262, 63, '02', 'Nota Promissória'),
(263, 63, '03', 'Nota de Seguro'),
(264, 63, '05', 'Recibo'),
(265, 63, '06', 'Duplicata Rural'),
(266, 63, '08', 'Letra de Câmbio'),
(267, 63, '09', 'Warrant'),
(268, 63, '10', 'Cheque'),
(269, 63, '12', 'Duplicata de Serviço'),
(270, 63, '13', 'Nota de Débito'),
(271, 63, '14', 'Triplicata Mercantil'),
(272, 63, '15', 'Triplicata de Serviço'),
(273, 63, '18', 'Fatura'),
(274, 63, '20', 'Apólice de Seguro'),
(275, 63, '21', 'Mensalidade Escolar'),
(276, 63, '22', 'Parcela de Consórcio'),
(277, 63, '99', 'Outros'),
(278, 14, '01', 'Código do banco invalido'),
(279, 14, '02', 'Código do registro detalhe inválido'),
(280, 14, '03', 'Código do segmento invalido'),
(281, 14, '04', 'Código do movimento não permitido para carteira'),
(282, 14, '05', 'Código de movimento invalido'),
(283, 14, '06', 'Tipo/numero de inscrição do cedente inválidos'),
(284, 14, '07', 'Agencia/conta/DV invalido'),
(285, 14, '08', 'Nosso numero invalido'),
(286, 14, '09', 'Nosso numero duplicado'),
(287, 14, '10', 'Carteira invalida'),
(288, 14, '11', 'Forma de cadastramento do titulo invalida\r\nSe desconto, titulo rejeitado - operação de desconto / horário limite.'),
(289, 14, '12', 'Tipo de documento invalido'),
(290, 14, '13', 'Identificação da emissão do boleto invalida'),
(291, 14, '14', 'Identificação da distribuição do boleto invalida'),
(292, 14, '15', 'Características da cobrança incompatíveis'),
(293, 14, '16', 'Data de vencimento invalida'),
(294, 14, '17', 'Data de vencimento anterior a data de emissão'),
(295, 14, '18', 'Vencimento fora do prazo de operação'),
(296, 14, '19', 'Titulo a cargo de bancos correspondentes com vencimento inferior a xx dias'),
(297, 14, '20', 'Valor do título invalido'),
(298, 14, '21', 'Espécie do titulo invalida'),
(299, 14, '22', 'Espécie não permitida para a carteira'),
(300, 14, '23', 'Aceite invalido'),
(301, 14, '24', 'Data de emissão inválida'),
(302, 14, '25', 'Data de emissão posterior a data de entrada'),
(303, 14, '26', 'Código de juros de mora inválido'),
(304, 14, '27', 'Valor/Taxa de juros de mora inválido'),
(305, 14, '28', 'Código de desconto inválido'),
(306, 14, '29', 'Valor do desconto maior ou igual ao valor do título'),
(307, 14, '30', 'Desconto a conceder não confere'),
(308, 14, '31', 'Concessão de desconto - já existe desconto anterior'),
(309, 14, '32', 'Valor do IOF'),
(310, 14, '33', 'Valor do abatimento inválido'),
(311, 14, '34', 'Valor do abatimento maior ou igual ao valor do título'),
(312, 14, '35', 'Abatimento a conceder não confere'),
(313, 14, '36', 'Concessão de abatimento - já existe abatimento anterior'),
(314, 14, '37', 'Código para protesto inválido'),
(315, 14, '38', 'Prazo para protesto inválido'),
(316, 14, '39', 'Pedido de protesto não permitido para o título'),
(317, 14, '40', 'Título com ordem de protesto emitida'),
(318, 14, '41', 'Pedido de cancelamento/sustação para títulos sem instrução de protesto'),
(319, 14, '42', 'Código para baixa/devolução inválido'),
(320, 14, '43', 'Prazo para baixa/devolução inválido'),
(321, 14, '44', 'Código de moeda inválido'),
(322, 14, '45', 'Nome do sacados não informado'),
(323, 14, '46', 'Tipo /Número de inscrição do sacado inválidos'),
(324, 14, '47', 'Endereço do sacado não informado'),
(325, 14, '48', 'CEP inválido'),
(326, 14, '49', 'CEP sem praça de cobrança (não localizado)'),
(327, 14, '50', 'CEP referente a um Banco Correspondente'),
(328, 14, '51', 'CEP incompatível com a unidade de federação'),
(329, 14, '52', 'Unidade de federação inválida'),
(330, 14, '53', 'Tipo/Número de inscrição do sacador/avalista inválidos'),
(331, 14, '54', 'Sacador/Avalista não informado'),
(332, 14, '55', 'Nosso número no Banco Correspondente não informado'),
(333, 14, '56', 'Código do Banco Correspondente não informado'),
(334, 14, '57', 'Código da multa inválido'),
(335, 14, '58', 'Data da multa inválida'),
(336, 14, '59', 'Valor/Percentual da multa inválido'),
(337, 14, '60', 'Movimento para título não cadastrado'),
(338, 14, '61', 'Alteração de agência cobradora/dv inválida'),
(339, 14, '62', 'Tipo de impressão inválido'),
(340, 14, '63', 'Entrada para título já cadastrado'),
(341, 14, '64', 'Número da linha inválido'),
(342, 15, '1', 'Cobrança Simples (Sem Registro)'),
(343, 15, '2', 'Cobrança Simples (Rápida com Registro, Eletrônica com Registro e Convencional com Registro)'),
(344, 15, '3', 'Cobrança Caucionada (Eletrônica com Registro e Convencional com Registro)'),
(345, 15, '4', 'Cobrança Descontada (Convencional com Registro / Eletrônica com Registro)'),
(346, 15, '6', 'Cobrança Caucionada (Rápida com Registro)'),
(347, 16, '00', 'REAL'),
(348, 12, '0', 'Não informado'),
(349, 12, '9', 'Outros');

-- --------------------------------------------------------

--
-- Estrutura para tabela `layouts`
--

CREATE TABLE IF NOT EXISTS `layouts` (
`id` int(11) NOT NULL,
  `id_banco` int(11) NOT NULL,
  `descricao` varchar(100) NOT NULL
) ENGINE=InnoDB AUTO_INCREMENT=22 DEFAULT CHARSET=latin1;

--
-- Fazendo dump de dados para tabela `layouts`
--

INSERT INTO `layouts` (`id`, `id_banco`, `descricao`) VALUES
(1, 1, 'Lay-out do Arquivo-Retorno - Registro Header Label'),
(2, 1, 'Lay-out do Arquivo-Retorno - Registro de Transação – Tipo 1'),
(3, 1, 'Lay-out do Arquivo-Retorno - Registro Trailler'),
(4, 2, 'REGISTRO HEADER DE ARQUIVO'),
(5, 2, 'REGISTRO TRAILER'),
(6, 2, 'REGISTRO DETALHE DE ARQUIVO'),
(7, 5, 'Header Arquivo'),
(8, 5, 'Header Lote'),
(9, 5, 'Segmento T'),
(10, 5, 'Segmento U'),
(11, 5, 'Trailer Lote'),
(12, 5, 'Trailer Arquivo'),
(13, 3, 'Header do Arquivo de Retorno'),
(14, 3, 'Header do Lote do Retorno'),
(15, 3, 'Registro Detalhe - Segmento T Retorno'),
(16, 3, 'Registro Detalhe - Segmento U Retorno'),
(17, 3, 'Trailer de Lote Retorno'),
(18, 3, 'Trailer de Arquivo Retorno'),
(19, 4, 'HEADER'),
(20, 4, 'DETALHE'),
(21, 4, 'TRAILLER');

-- --------------------------------------------------------

--
-- Estrutura para tabela `motivos`
--

CREATE TABLE IF NOT EXISTS `motivos` (
`id` int(11) NOT NULL,
  `id_dt` int(11) NOT NULL,
  `codigo` varchar(11) NOT NULL,
  `descricao` varchar(500) NOT NULL
) ENGINE=InnoDB AUTO_INCREMENT=612 DEFAULT CHARSET=latin1;

--
-- Fazendo dump de dados para tabela `motivos`
--

INSERT INTO `motivos` (`id`, `id_dt`, `codigo`, `descricao`) VALUES
(1, 6, '00', 'Ocorrência aceita'),
(2, 6, '01', 'Código do Banco inválido'),
(3, 6, '04', 'Código do movimento não permitido para a carteira'),
(4, 6, '15', 'Características da cobrança incompatíveis'),
(5, 6, '17', 'Data de vencimento anterior a data de emissão'),
(6, 6, '21', 'Espécie do Título inválido'),
(7, 6, '24', 'Data da emissão inválida'),
(8, 6, '27', 'Valor/taxa de juros mora inválido'),
(9, 6, '38', 'Prazo para protesto/ Negativação inválido'),
(10, 6, '39', 'Pedido para protesto/ Negativação não permitido para o título'),
(11, 6, '43', 'Prazo para baixa e devolução inválido'),
(12, 6, '45', 'Nome do Pagador inválido'),
(13, 6, '46', 'Tipo/num. de inscrição do Pagador inválidos'),
(14, 6, '47', 'Endereço do Pagador não informado'),
(15, 6, '48', 'CEP Inválido'),
(16, 6, '50', 'CEP referente a Banco correspondente'),
(17, 6, '53', 'Nº de inscrição do Pagador/avalista inválidos (CPF/CNPJ)'),
(18, 6, '54', 'Pagadorr/avalista não informado'),
(19, 6, '67', 'Débito automático agendado'),
(20, 6, '68', 'Débito não agendado - erro nos dados de remessa'),
(21, 6, '69', 'Débito não agendado - Pagador não consta no cadastro de autorizante'),
(22, 6, '70', 'Débito não agendado - Beneficiário não autorizado pelo Pagador'),
(23, 6, '71', 'Débito não agendado - Beneficiário não participa da modalidade de déb.automático'),
(24, 6, '72', 'Débito não agendado - Código de moeda diferente de R$'),
(25, 6, '73', 'Débito não agendado - Data de vencimento inválida/vencida'),
(26, 6, '75', 'Débito não agendado - Tipo do número de inscrição do pagador debitado inválido'),
(27, 6, '76', 'Pagador Eletrônico DDA (NOVO)- Esse motivo somente será disponibilizado no arquivo retorno para as e'),
(28, 6, '86', 'Seu número do documento inválido'),
(29, 6, '89', 'Email Pagador não enviado – título com débito automático'),
(30, 6, '90', 'Email pagador não enviado – título de cobrança sem registro'),
(31, 7, '02', 'Código do registro detalhe inválido'),
(32, 7, '03', 'Código da ocorrência inválida'),
(33, 7, '04', 'Código de ocorrência não permitida para a carteira'),
(34, 4, '05', 'Código de ocorrência não numérico'),
(35, 7, '07', 'Agência/conta/Digito - |Inválido'),
(36, 7, '08', 'Nosso número inválido'),
(37, 7, '09', 'Nosso número duplicado'),
(38, 7, '10', 'Carteira inválida'),
(39, 7, '13', 'Identificação da emissão do bloqueto inválida'),
(40, 7, '16', 'Data de vencimento inválida'),
(41, 7, '18', 'Vencimento fora do prazo de operação'),
(42, 7, '20', 'Valor do Título inválido'),
(43, 7, '21', 'Espécie do Título inválida'),
(44, 7, '22', 'Espécie não permitida para a carteira'),
(45, 7, '24', 'Data de emissão inválida'),
(46, 7, '28', 'Código do desconto inválido'),
(47, 7, '38', 'Prazo para protesto/ Negativação inválido'),
(48, 7, '44', 'Agência Beneficiário não prevista'),
(49, 7, '45', 'Nome do pagador não informado'),
(50, 7, '46', 'Tipo/número de inscrição do pagador inválidos'),
(51, 7, '47', 'Endereço do pagador não informado'),
(52, 7, '48', '48..CEP Inválido'),
(53, 7, '50', 'CEP irregular - Banco Correspondente'),
(54, 7, '63', 'Entrada para Título já cadastrado'),
(55, 7, '65', 'Limite excedido'),
(56, 7, '66', 'Número autorização inexistente'),
(57, 7, '68', 'Débito não agendado - erro nos dados de remessa'),
(58, 7, '69', 'Débito não agendado - Pagador não consta no cadastro de autorizante'),
(59, 7, '70', 'Débito não agendado - Beneficiário não autorizado pelo Pagador'),
(60, 7, '71', 'Débito não agendado - Beneficiário não participa do débito Automático'),
(61, 7, '72', 'Débito não agendado - Código de moeda diferente de R$'),
(62, 7, '73', 'Débito não agendado - Data de vencimento inválida'),
(63, 7, '74', 'Débito não agendado - Conforme seu pedido, Título não registrado'),
(64, 7, '75', 'Débito não agendado – Tipo de número de inscrição do debitado inválido'),
(65, 8, '00', 'Título pago com dinheiro'),
(66, 8, '15', 'Título pago com cheque'),
(67, 8, '42', 'Rateio não efetuado, cód. Calculo 2 (VLR. Registro) e v ('),
(68, 17, '00', 'Título pago com dinheiro'),
(69, 17, '15', 'Título pago com cheque'),
(70, 10, '00', 'Baixado Conforme Instruções da Agência'),
(71, 10, '20', 'Titulo Baixado e Transferido para Desconto'),
(72, 10, '14', 'Título Protestado'),
(73, 10, '15', 'Título excluído'),
(74, 10, '16', 'Título Baixado pelo Banco por decurso Prazo'),
(75, 10, '17', 'Titulo Baixado Transferido Carteira'),
(76, 10, '20', 'Titulo Baixado e Transferido para Desconto'),
(77, 15, '00', 'Título pago com dinheiro'),
(78, 15, '15', 'Título pago com cheque'),
(79, 17, '00', 'Título pago com dinheiro'),
(80, 17, '15', 'Título pago com cheque'),
(81, 24, '48', 'CEP inválido'),
(82, 26, '04', 'Código de ocorrência não permitido para a carteira'),
(83, 26, '07', 'Agência/Conta/dígito inválidos'),
(84, 26, '08', 'Nosso número inválido'),
(85, 26, '10', 'Carteira inválida'),
(86, 26, '15', 'Carteira/Agência/Conta/nosso número inválidos'),
(87, 26, '40', 'Título com ordem de protesto emitido'),
(88, 26, '42', 'Código para baixa/devolução via Tele Bradesco inválido'),
(89, 26, '60', 'Movimento para Título não cadastrado'),
(90, 26, '77', 'Transferência para desconto não permitido para a carteira'),
(91, 26, '85', 'Título com pagamento vinculado'),
(92, 27, '02', 'Tarifa de permanência título cadastrado'),
(93, 27, '03', 'Tarifa de sustação/Excl Negativação'),
(94, 27, '04', 'Tarifa de protesto/Incl Negativação'),
(95, 27, '05', 'Tarifa de outras instruções'),
(96, 27, '06', 'Tarifa de outras ocorrências'),
(97, 25, 'A', 'Aceito'),
(98, 25, 'D', 'Desprezado'),
(99, 19, 'A', 'Aceito'),
(100, 19, 'D', 'Desprezado'),
(102, 55, '01', 'CARTEIRA/No NÚMERO NÃO NUMÉRICO'),
(103, 55, '04', 'NOSSO NÚMERO EM DUPLICIDADE NUM MESMO MOVIMENTO'),
(104, 55, '05', 'SOLICITAÇÃO DE BAIXA PARA TÍTULO JÁ BAIXADO OU LIQUIDADO'),
(105, 55, '06', 'SOLICITAÇÃO DE BAIXA PARA TÍTULO NÃO REGISTRADO NO SISTEMA'),
(106, 55, '07', 'COBRANÇA PRAZO CURTO – SOLICITAÇÃO DE BAIXA P/ TÍTULO NÃO REGISTRADO NO SISTEMA'),
(107, 55, '08', 'SOLICITAÇÃO DE BAIXA PARA TÍTULO EM FLOATING'),
(108, 55, '10', 'VALOR DO TITULO FAZ PARTE DE GARANTIA DE EMPRESTIMO'),
(109, 55, '11', 'PAGO ATRAVÉS DO SISPAG POR CRÉDITO EM C/C E NÃO BAIXADO'),
(110, 43, '03', 'NÃO FOI POSSÍVEL ATRIBUIR A AGÊNCIA PELO CEP OU CEP SEM ATENDIMENTO DE PROTESTO NO\r\nMOMENT'),
(111, 43, '04', 'SIGLA DO ESTADO INVÁLIDA'),
(112, 43, '05', 'PRAZO DA OPERAÇÃO MENOR QUE PRAZO MÍNIMO OU MAIOR QUE O MÁXIMO'),
(113, 43, '07', 'VALOR DO TÍTULO MAIOR QUE 10.000.000,00'),
(114, 43, '08', 'NOME DO SACADO NÃO INFORMADO OU DESLOCADO'),
(115, 43, '09', 'AGÊNCIA ENCERRADA'),
(116, 43, '10', 'LOGRADOURO NÃO INFORMADO OU DESLOCADO'),
(117, 43, '11', 'CEP NÃO NUMÉRICO OU CEP INVÁLIDO'),
(118, 43, '12', 'ACADOR / AVALISTA NOME NÃO INFORMADO OU DESLOCADO (BANCOS CORRESPONDENTES)'),
(119, 43, '13', 'CEP INCOMPATÍVEL COM A SIGLA DO ESTADO'),
(120, 43, '14', 'NOSSO NÚMERO JÁ REGISTRADO NO CADASTRO DO BANCO OU FORA DA FAIXA'),
(121, 43, '15', 'NOSSO NÚMERO EM DUPLICIDADE NO MESMO MOVIMENTO'),
(122, 43, '18', 'DATA DE ENTRADA INVÁLIDA PARA OPERAR COM ESTA CARTEIRA'),
(123, 43, '19', 'OCORRÊNCIA INVÁLIDA'),
(124, 43, '21', 'CARTEIRA NÃO ACEITA DEPOSITÁRIA CORRESPONDENTE\r\nESTADO DA AGÊNCIA DIFERENTE DO ESTADO DO SACADO\r\nAG.'),
(125, 43, '22', 'CARTEIRA NÃO PERMITIDA (NECESSÁRIO CADASTRAR FAIXA LIVRE)'),
(126, 43, '26', 'AGÊNCIA/CONTA NÃO LIBERADA PARA OPERAR COM COBRANÇA'),
(127, 43, '27', 'CNPJ DO CEDENTE INAPTO\r\nDEVOLUÇÃO DE TÍTULO EM GARANTIA'),
(128, 43, '29', 'CATEGORIA DA CONTA INVÁLIDA'),
(129, 43, '30', 'ENTRADAS BLOQUEADAS, CONTA SUSPENSA EM COBRANÇA'),
(130, 43, '31', 'CONTA NÃO TEM PERMISSÃO PARA PROTESTAR (CONTATE SEU GERENTE)'),
(131, 43, '35', 'IOF MAIOR QUE 5%'),
(132, 43, '36', 'QUANTIDADE DE MOEDA INCOMPATÍVEL COM VALOR DO TÍTULO'),
(133, 43, '37', 'CNPJ/CPF DO SACADO NÃO NUMÉRICO OU IGUAL A ZEROS'),
(134, 43, '42', 'NOSSO NÚMERO FORA DE FAIXA'),
(135, 43, '52', 'AG. COBRADORA EMPRESA NÃO ACEITA BANCO CORRESPONDENTE'),
(136, 43, '53', 'MPRESA NÃO ACEITA BANCO CORRESPONDENTE - COBRANÇA MENSAGEM'),
(137, 43, '54', 'BANCO CORRESPONDENTE - TÍTULO COM VENCIMENTO INFERIOR A 15 DIAS'),
(138, 43, '55', 'CEP NÃO PERTENCE À DEPOSITÁRIA INFORMADA'),
(139, 43, '56', 'VENCTO SUPERIOR A 180 DIAS DA DATA DE ENTRADA'),
(140, 43, '57', 'CEP SÓ DEPOSITÁRIA BCO DO BRASIL COM VENCTO INFERIOR A 8 DIAS'),
(141, 43, '60', 'VALOR DO ABATIMENTO INVÁLIDO'),
(142, 43, '61', 'JUROS DE MORA MAIOR QUE O PERMITIDO'),
(143, 43, '63', 'VALOR DA IMPORTÂNCIA POR DIA DE DESCONTO (IDD) NÃO PERMITIDO'),
(144, 43, '64', 'DATA DE EMISSÃO DO TÍTULO INVÁLIDA'),
(145, 43, '65', 'TAXA FINANCTO - TAXA INVÁLIDA (VENDOR)'),
(146, 43, '66', 'DATA DE VENCTO INVALIDA/FORA DE PRAZO DE OPERAÇÃO (MÍNIMO OU MÁXIMO)'),
(147, 43, '67', 'VALOR DO TÍTULO/QUANTIDADE DE MOEDA INVÁLIDO'),
(148, 43, '68', 'CARTEIRA INVÁLIDA OU NÃO CADASTRADA NO INTERCÂMBIO DA COBRANÇA'),
(149, 43, '69', 'CARTEIRA INVÁLIDA PARA TÍTULOS COM RATEIO DE CRÉDITO'),
(150, 43, '70', 'CEDENTE NÃO CADASTRADO PARA FAZER RATEIO DE CRÉDITO'),
(151, 43, '78', 'DUPLICIDADE DE AGÊNCIA/CONTA BENEFICIÁRIA DO RATEIO DE CRÉDITO'),
(152, 43, '80', 'QUANTIDADE DE CONTAS BENEFICIÁRIAS DO RATEIO MAIOR DO QUE O PERMITIDO (MÁXIMO DE 30\r\nCONTAS POR TÍTU'),
(153, 43, '81', 'CONTA PARA RATEIO DE CRÉDITO INVÁLIDA / NÃO PERTENCE AO ITAÚ'),
(154, 43, '82', 'DESCONTO/ABATIMENTO NÃO PERMITIDO PARA TÍTULOS COM RATEIO DE CRÉDITO'),
(155, 43, '83', 'VALOR DO TÍTULO MENOR QUE A SOMA DOS VALORES ESTIPULADOS PARA RATEIO'),
(156, 43, '84', 'AGÊNCIA/CONTA BENEFICIÁRIA DO RATEIO É A CENTRALIZADORA DE CRÉDITO DO CEDENTE'),
(157, 43, '85', 'AGÊNCIA/CONTA DO CEDENTE É CONTRATUAL / RATEIO DE CRÉDITO NÃO PERMITIDO'),
(158, 43, '86', 'CÓDIGO DO TIPO DE VALOR INVÁLIDO / NÃO PREVISTO PARA TÍTULOS COM RATEIO DE CRÉDITO'),
(159, 43, '87', 'REGISTRO TIPO 4 SEM INFORMAÇÃO DE AGÊNCIAS/CONTAS BENEFICIÁRIAS DO RATEIO'),
(160, 43, '90', 'COBRANÇA MENSAGEM - NÚMERO DA LINHA DA MENSAGEM INVÁLIDO OU QUANTIDADE DE LINHAS\r\nEXCEDIDAS'),
(161, 43, '97', 'COBRANÇA MENSAGEM SEM MENSAGEM (SÓ DE CAMPOS FIXOS), PORÉM COM REGISTRO DO TIPO\r\n7 OU 8'),
(162, 43, '98', 'REGISTRO MENSAGEM SEM FLASH CADASTRADO OU FLASH INFORMADO DIFERENTE DO\r\nCADASTRADO'),
(163, 43, '99', 'CONTA DE COBRANÇA COM FLASH CADASTRADO E SEM REGISTRO DE MENSAGEM\r\nCORRESPONDENTE'),
(164, 57, '02', 'AGÊNCIA COBRADORA INVÁLIDA OU COM O MESMO CONTEÚDO'),
(165, 57, '04', 'SIGLA DO ESTADO INVÁLIDA'),
(166, 57, '05', 'DATA DE VENCIMENTO INVÁLIDA OU COM O MESMO CONTEÚDO'),
(167, 57, '06', 'VALOR DO TÍTULO COM OUTRA ALTERAÇÃO SIMULTÂNEA'),
(168, 57, '08', 'NOME DO SACADO COM O MESMO CONTEÚDO'),
(169, 57, '09', 'AGÊNCIA/CONTA INCORRETA'),
(170, 57, '11', 'CEP INVÁLIDO'),
(171, 57, '12', 'NÚMERO INSCRIÇÃO INVÁLIDO DO SACADOR AVALISTA'),
(172, 57, '13', 'SEU NÚMERO COM O MESMO CONTEÚDO'),
(173, 57, '16', 'ABATIMENTO/ALTERAÇÃO DO VALOR DO TÍTULO OU SOLICITAÇÃO DE BAIXA BLOQUEADA'),
(174, 57, '20', 'ESPÉCIE INVÁLIDA'),
(175, 57, '21', 'AGÊNCIA COBRADORA NÃO CONSTA NO CADASTRO DE DEPOSITÁRIA OU EM ENCERRAMENTO'),
(176, 57, '23', 'DATA DE EMISSÃO DO TÍTULO INVÁLIDA OU COM MESMO CONTEÚDO'),
(177, 57, '41', 'CAMPO ACEITE INVÁLIDO OU COM MESMO CONTEÚDO'),
(178, 57, '42', 'ALTERAÇÃO INVÁLIDA PARA TÍTULO VENCIDO'),
(179, 57, '43', 'ALTERAÇÃO BLOQUEADA – VENCIMENTO JÁ ALTERADO'),
(180, 57, '53', 'INSTRUÇÃO COM O MESMO CONTEÚDO'),
(181, 57, '54', 'DATA VENCIMENTO PARA BANCOS CORRESPONDENTES INFERIOR AO ACEITO PELO BANCO'),
(182, 57, '55', 'ALTERAÇÕES IGUAIS PARA O MESMO CONTROLE (AGÊNCIA/CONTA/CARTEIRA/NOSSO NÚMERO)'),
(183, 57, '56', 'CNPJ/CPF INVÁLIDO NÃO NUMÉRICO OU ZERADO'),
(184, 57, '57', 'PRAZO DE VENCIMENTO INFERIOR A 15 DIAS'),
(185, 57, '60', 'VALOR DE IOF – ALTERAÇÃO NÃO PERMITIDA PARA CARTEIRAS DE N.S. – MOEDA VARIÁVEL'),
(186, 57, '61', 'TÍTULO JÁ BAIXADO OU LIQUIDADO OU NÃO EXISTE TÍTULO CORRESPONDENTE NO SISTEMA'),
(187, 57, '66', 'ALTERAÇÃO NÃO PERMITIDA PARA CARTEIRAS DE NOTAS DE SEGUROS – MOEDA VARIÁVEL'),
(188, 57, '66', 'ALTERAÇÃO NÃO PERMITIDA PARA CARTEIRAS DE NOTAS DE SEGUROS – MOEDA VARIÁVEL'),
(189, 57, '67', 'NOME INVÁLIDO DO SACADOR AVALISTA'),
(190, 57, '72', 'ENDEREÇO INVÁLIDO – SACADOR AVALISTA'),
(191, 57, '73', 'BAIRRO INVÁLIDO – SACADOR AVALISTA'),
(192, 57, '74', 'CIDADE INVÁLIDA – SACADOR AVALISTA'),
(193, 57, '75', 'SIGLA ESTADO INVÁLIDO – SACADOR AVALISTA'),
(194, 57, '76', 'CEP INVÁLIDO – SACADOR AVALISTA'),
(195, 57, '81', 'ALTERAÇÃO BLOQUEADA – TÍTULO COM PROTESTO'),
(196, 57, '87', 'ALTERAÇÃO BLOQUEADA – TÍTULO COM RATEIO DE CRÉDITO'),
(197, 56, '01', 'INSTRUÇÃO/OCORRÊNCIA NÃO EXISTENTE'),
(198, 56, '03', 'CONTA NÃO TEM PERMISSÃO PARA PROTESTAR (CONTATE SEU GERENTE)'),
(199, 56, '06', 'NOSSO NÚMERO IGUAL A ZEROS'),
(200, 56, '09', 'CNPJ/CPF DO SACADOR/AVALISTA INVÁLIDO'),
(201, 56, '10', 'VALOR DO ABATIMENTO IGUAL OU MAIOR QUE O VALOR DO TÍTULO'),
(202, 56, '11', 'SEGUNDA INSTRUÇÃO/OCORRÊNCIA NÃO EXISTENTE'),
(203, 56, '14', 'REGISTRO EM DUPLICIDADE'),
(204, 56, '15', 'CNPJ/CPF INFORMADO SEM NOME DO SACADOR/AVALISTA'),
(205, 56, '19', 'VALOR DO ABATIMENTO MAIOR QUE 90% DO VALOR DO TÍTULO'),
(206, 56, '20', 'EXISTE SUSTACAO DE PROTESTO PENDENTE PARA O TITULO'),
(207, 56, '21', 'TÍTULO NÃO REGISTRADO NO SISTEMA'),
(208, 56, '22', 'TÍTULO BAIXADO OU LIQUIDADO'),
(209, 56, '23', 'INSTRUÇÃO NÃO ACEITA POR TER SIDO EMITIDO ÚLTIMO AVISO AO SACADO'),
(210, 56, '24', 'INSTRUÇÃO INCOMPATÍVEL - EXISTE INSTRUÇÃO DE PROTESTO PARA O TÍTULO'),
(211, 56, '25', 'INSTRUÇÃO INCOMPATÍVEL – NÃO EXISTE INSTRUÇÃO DE PROTESTO PARA O TÍTULO'),
(212, 56, '26', 'INSTRUÇÃO NÃO ACEITA POR JÁ TER SIDO EMITIDA A ORDEM DE PROTESTO AO CARTÓRIO'),
(213, 56, '27', 'INSTRUÇÃO NÃO ACEITA POR NÃO TER SIDO EMITIDA A ORDEM DE PROTESTO AO CARTÓRIO'),
(214, 56, '28', 'JÁ EXISTE UMA MESMA INSTRUÇÃO CADASTRADA ANTERIORMENTE PARA O TÍTULO'),
(215, 56, '29', 'VALOR LÍQUIDO + VALOR DO ABATIMENTO DIFERENTE DO VALOR DO TÍTULO REGISTRADO'),
(216, 56, '30', 'EXISTE UMA INSTRUÇÃO DE NÃO PROTESTAR ATIVA PARA O TÍTULO'),
(217, 56, '31', 'EXISTE UMA OCORRÊNCIA DO SACADO QUE BLOQUEIA A INSTRUÇÃO'),
(218, 56, '32', 'DEPOSITÁRIA DO TÍTULO = 9999 OU CARTEIRA NÃO ACEITA PROTESTO'),
(219, 56, '33', 'ALTERAÇÃO DE VENCIMENTO IGUAL À REGISTRADA NO SISTEMA OU QUE TORNA O TÍTULO VENCIDO'),
(220, 56, '34', 'INSTRUÇÃO DE EMISSÃO DE AVISO DE COBRANÇA PARA TÍTULO VENCIDO ANTES DO VENCIMENTO'),
(221, 56, '35', 'SOLICITAÇÃO DE CANCELAMENTO DE INSTRUÇÃO INEXISTENTE'),
(222, 56, '36', 'TÍTULO SOFRENDO ALTERAÇÃO DE CONTROLE (AGÊNCIA/CONTA/CARTEIRA/NOSSO NÚMERO)'),
(223, 56, '37', 'INSTRUÇÃO NÃO PERMITIDA PARA A CARTEIRA'),
(224, 56, '38', 'INSTRUÇÃO NÃO PERMITIDA PARA TÍTULO COM RATEIO DE CRÉDITO'),
(225, 64, '1313', 'SOLICITA A PRORROGAÇÃO DO VENCIMENTO PARA:'),
(226, 64, '1321', 'SOLICITA A DISPENSA DOS JUROS DE MORA'),
(227, 64, '1339', 'NÃO RECEBEU A MERCADORIA'),
(228, 64, '1347', 'A MERCADORIA CHEGOU ATRASADA'),
(229, 64, '1354', 'A MERCADORIA CHEGOU AVARIADA'),
(230, 64, '1362', 'A MERCADORIA CHEGOU INCOMPLETA'),
(231, 64, '1370', 'A MERCADORIA NÃO CONFERE COM O PEDIDO'),
(232, 64, '1388', 'A MERCADORIA ESTÁ À DISPOSIÇÃO'),
(233, 64, '1396', 'DEVOLVEU A MERCADORIA'),
(234, 64, '1404', 'NÃO RECEBEU A FATURA'),
(235, 64, '1412', 'A FATURA ESTÁ EM DESACORDO COM A NOTA FISCAL'),
(236, 64, '1420', 'O PEDIDO DE COMPRA FOI CANCELADO'),
(237, 64, '1438', 'A DUPLICATA FOI CANCELADA'),
(238, 64, '1446', 'QUE NADA DEVE OU COMPROU'),
(239, 64, '1453', 'QUE MANTÉM ENTENDIMENTOS COM O SACADOR'),
(240, 64, '1461', 'QUE PAGARÁ O TÍTULO EM:'),
(241, 64, '1479', 'QUE PAGOU O TÍTULO DIRETAMENTE AO CEDENTE EM:'),
(242, 64, '1487', 'QUE PAGARÁ O TÍTULO DIRETAMENTE AO CEDENTE EM:'),
(243, 64, '1495', 'QUE O VENCIMENTO CORRETO É:'),
(244, 64, '1503', 'QUE TEM DESCONTO OU ABATIMENTO DE:'),
(245, 64, '1719', 'SACADO NÃO FOI LOCALIZADO; CONFIRMAR ENDEREÇO'),
(246, 64, '1727', 'SACADO ESTÁ EM REGIME DE CONCORDATA'),
(247, 64, '1735', 'SACADO ESTÁ EM REGIME DE FALÊNCIA'),
(248, 64, '1750', 'SACADO SE RECUSA A PAGAR JUROS BANCÁRIOS'),
(249, 64, '1768', 'SACADO SE RECUSA A PAGAR COMISSÃO DE PERMANÊNCIA'),
(250, 64, '1776', 'NÃO FOI POSSÍVEL A ENTREGA DO BOLETO AO SACADO'),
(251, 64, '1784', 'BOLETO NÃO ENTREGUE, MUDOU-SE / DESCONHECIDO'),
(252, 64, '1792', 'BOLETO NÃO ENTREGUE, CEP ERRADO / INCOMPLETO'),
(253, 64, '1800', 'BOLETO NÃO ENTREGUE, NÚMERO NÃO EXISTE/ENDEREÇO INCOMPLETO'),
(254, 64, '1818', 'BOLETO NÃO RETIRADO PELO SACADO. REENVIADO PELO CORREIO PARA CARTEIRAS COM EMISSÃO PELO\r\nBANCO'),
(255, 64, '1826', 'ENDEREÇO DE E-MAIL INVÁLIDO/COBRANÇA MENSAGEM. BOLETO ENVIADO PELO CORREIO'),
(256, 64, '1834', 'BOLETO DDA, DIVIDA RECONHECIDA PELO SACADO'),
(257, 64, '1842', 'BOLETO DDA, DIVIDA NÃO RECONHECIDA PELO SACADO'),
(258, 58, '16', 'ABATIMENTO/ALTERAÇÃO DO VALOR DO TÍTULO OU SOLICITAÇÃO DE BAIXA BLOQUEADOS'),
(259, 58, '40', 'NÃO APROVADA DEVIDO AO IMPACTO NA ELEGIBILIDADE DE GARANTIAS'),
(260, 58, '41', 'AUTOMATICAMENTE REJEITADA'),
(261, 63, '1610', 'DOCUMENTAÇÃO SOLICITADA AO CEDENTE'),
(262, 63, '3103', 'INSUFICIENCIA DE DADOS DO MODELO 4006'),
(263, 63, '3111', 'SUSTAÇÃO SOLICITADA AG. CEDENTE'),
(264, 63, '3129', 'TITULO NAO ENVIADO A CARTORIO'),
(265, 63, '3137', 'AGUARDAR UM DIA UTIL APOS O VENCTO PARA PROTESTAR'),
(266, 63, '3145', ''),
(267, 63, '3152', 'FALTA CONTRATO DE SERV(AG.CED:ENVIAR)'),
(268, 63, '3160', 'NOME DO SACADO INCOMPLETO/INCORRETO'),
(269, 63, '3178', 'NOME DO CEDENTE INCOMPLETO/INCORRETO'),
(270, 63, '3186', 'NOME DO SACADOR INCOMPLETO/INCORRETO'),
(271, 63, '3194', 'TIT ACEITO: IDENTIF ASSINANTE DO CHEQ'),
(272, 63, '3202', 'TIT ACEITO: RASURADO OU RASGADO'),
(273, 63, '3210', 'TIT ACEITO: FALTA TIT.(AG.CED:ENVIAR)'),
(274, 63, '3228', 'ATOS DA CORREGEDORIA ESTADUAL'),
(275, 63, '3236', 'NAO FOI POSSIVEL EFETUAR O PROTESTO'),
(276, 63, '3244', 'PROTESTO SUSTADO / CEDENTE NÃO ENTREGOU A DOCUMENTAÇÃO'),
(277, 63, '3251', 'DOCUMENTACAO IRREGULAR'),
(278, 63, '3269', 'DATA DE EMISSÃO DO TÍTULO INVÁLIDA / IRREGULAR'),
(279, 63, '3277', 'ESPECIE INVALIDA PARA PROTESTO'),
(280, 63, '3285', 'PRAÇA NÃO ATENDIDA PELA REDE BANCÁRIA'),
(281, 63, '3293', 'CENTRALIZADORA DE PROTESTO NAO RECEBEU A DOCUMENTACAO'),
(282, 63, '3301', 'CNPJ/CPF DO SACADO INVÁLIDO / INCORRETO'),
(283, 63, '3319', 'SACADOR/AVALISTA E PESSOA FÍSICA'),
(284, 63, '3327', 'CEP DO SACADO INCORRETO'),
(285, 63, '3335', 'DEPOSITÁRIA INCOMPATÍVEL COM CEP DO SACADO'),
(286, 63, '3343', 'CNPJ/CPF SACADOR INVALIDO / INCORRETO'),
(287, 63, '3350', 'ENDEREÇO DO SACADO INSUFICIENTE'),
(288, 63, '3368', 'PRAÇA PAGTO INCOMPATÍVEL COM ENDEREÇO'),
(289, 63, '3376', 'FALTA NÚMERO/ESPÉCIE DO TÍTULO'),
(320, 63, '3384', 'TÍTULO ACEITO S/ ASSINATURA DO SACADOR'),
(321, 63, '3392', 'TÍTULO ACEITO S/ ENDOSSO CEDENTE OU IRREGULAR'),
(322, 63, '3400', 'TÍTULO SEM LOCAL OU DATA DE EMISSÃO'),
(323, 63, '3418', 'TÍTULO ACEITO COM VALOR EXTENSO DIFERENTE DO NUMÉRICO'),
(324, 63, '3426', 'TÍTULO ACEITO DEFINIR ESPÉCIE DA DUPLICATA'),
(325, 63, '3434', 'DATA EMISSÃO POSTERIOR AO VENCIMENTO'),
(326, 63, '3442', 'TÍTULO ACEITO DOCUMENTO NÃO PROTESTÁVEL'),
(327, 63, '3459', 'TÍTULO ACEITO EXTENSO VENCIMENTO IRREGULAR'),
(328, 63, '3467', 'TÍTULO ACEITO FALTA NOME FAVORECIDO'),
(329, 63, '3475', 'TÍTULO ACEITO FALTA PRAÇA DE PAGAMENTO'),
(330, 63, '3483', 'TÍTULO ACEITO FALTA CPF ASSINANTE CHEQUE'),
(331, 63, '3491', 'FALTA NÚMERO DO TÍTULO (SEU NÚMERO)'),
(332, 63, '3509', 'CARTÓRIO DA PRAÇA COM ATIVIDADE SUSPENSA'),
(333, 63, '3517', 'DATA APRESENTACAO MENOR QUE A DATA VENCIMENTO'),
(334, 63, '3525', 'FALTA COMPROVANTE DA PRESTACAO DE SERVICO'),
(335, 63, '3533', 'CNPJ/CPF SACADO INCOMPATIVEL C/ TIPO DE DOCUMENTO'),
(336, 63, '3541', 'CNPJ/CPF SACADOR INCOMPATIVEL C/ ESPECIE'),
(337, 63, '3558', 'TIT ACEITO: S/ ASSINATURA DO SACADO'),
(338, 63, '3566', 'FALTA DATA DE EMISSAO DO TITULO'),
(339, 63, '3574', 'SALDO MAIOR QUE O VALOR DO TITULO'),
(340, 63, '3582', 'TIPO DE ENDOSSO INVALIDO'),
(341, 63, '3590', 'DEVOLVIDO POR ORDEM JUDICIAL'),
(342, 63, '3608', 'DADOS DO TITULO NAO CONFEREM COM DISQUETE'),
(343, 63, '3616', 'SACADO E SACADOR AVALISTA SÃO A MESMA PESSOA'),
(344, 63, '3624', 'COMPROVANTE ILEGIVEL PARA CONFERENCIA E MICROFILMAGEM'),
(345, 63, '3632', 'CONFIRMAR SE SAO DOIS EMITENTES'),
(346, 63, '3640', 'ENDERECO DO SACADO IGUAL AO DO SACADOR OU DO PORTADOR'),
(347, 63, '3657', 'ENDERECO DO CEDENTE INCOMPLETO OU NAO INFORMADO'),
(348, 63, '3665', 'ENDERECO DO EMITENTE NO CHEQUE IGUAL AO DO BANCO SACADO'),
(349, 63, '3673', 'FALTA MOTIVO DA DEVOLUCAO NO CHEQUE OU ILEGIVEL'),
(350, 63, '3681', 'TITULO COM DIREITO DE REGRESSO VENCIDO'),
(351, 63, '3699', 'TITULO APRESENTADO EM DUPLICIDADE'),
(352, 63, '3707', 'LC EMITIDA MANUALMENTE(TITULO DO BANCO/CA)'),
(353, 63, '3715', 'NAO PROTESTAR LC(TITULO DO BANCO/CA)'),
(354, 63, '3723', 'ELIMINAR O PROTESTO DA LC(TITULO DO BANCO/CA)'),
(355, 63, '3731', 'TITULO JA PROTESTADO'),
(356, 63, '3749', 'TITULO - FALTA TRADUCAO POR TRADUTOR PUBLICO'),
(357, 63, '3756', 'FALTA DECLARACAO DE SALDO ASSINADA NO TITULO'),
(358, 63, '3764', 'CONTRATO DE CAMBIO - FALTA CONTA GRAFICA'),
(359, 63, '3772', 'CONTRATO DE CAMBIO - FALTA CONTA GRAFICA'),
(360, 63, '3780', 'ESPECIE DE TITULO QUE O BANCO NAO PROTESTA'),
(361, 63, '3798', 'AUSENCIA DO DOCUMENTO FISICO'),
(362, 63, '3806', 'ORDEM DE PROTESTO SUSTADA, MOTIVO'),
(363, 63, '3814', 'SACADO APRESENTOU QUITAÇÃO DO TÍTULO'),
(364, 63, '3822', 'SACADO IRÁ NEGOCIAR COM CEDENTE'),
(365, 63, '3830', 'CPF INCOMPATÍVEL COM A ESPÉCIE DO TÍTULO'),
(366, 63, '3848', 'TÍTULO DE OUTRA JURISDIÇÃO TERRITORIAL'),
(367, 63, '3855', 'TÍTULO COM EMISSÃO ANTERIOR A CONCORDATA DO SACADO'),
(368, 63, '3863', 'SACADO CONSTA NA LISTA DE FALÊNCIA'),
(369, 63, '3871', 'APRESENTANTE NÃO ACEITA PUBLICAÇÃO DE EDITAL'),
(370, 63, '3889', 'CARTÓRIO COM PROBLEMAS OPERACIONAIS'),
(371, 63, '3897', 'ENVIO DE TITULOS PARA PROTESTO TEMPORARIAMENTE PARALISADO'),
(372, 63, '3905', 'CEDENTE COM CONTA EM COBRANCA SUSPENSA'),
(373, 63, '3913', 'CEP DO SACADO EH UMA CAIXA POSTAL'),
(374, 63, '3921', 'ESPÉCIE NÃO PROTESTÁVEL NO ESTADO'),
(375, 63, '3939', 'FALTA ENDEREÇO OU DOCUMENTO DO SACADOR AVALISTA'),
(376, 63, '3947', 'CORRIGIR A ESPECIE DO TITULO'),
(377, 63, '3954', 'ERRO DE PREENCHIMENTO DO TITULO'),
(378, 63, '3962', 'VALOR DIVERGENTE ENTRE TITULO E COMPROVANTE'),
(379, 63, '3970', 'CONDOMINIO NAO PODE SER PROTESTADO P/ FINS FALIMENTARES'),
(380, 63, '3988', 'VEDADA INTIMACAO POR EDITAL PARA PROTESTO FALIMENTAR'),
(381, 93, '1156', 'NÃO PROTESTAR'),
(382, 93, '2261', 'DISPENSAR JUROS/COMISSÃO DE PERMANÊNCIA'),
(408, 100, '11', 'CHEQUE SEM FUNDOS - PRIMEIRA APRESENTAÇÃO.'),
(409, 100, '12', 'CHEQUE SEM FUNDOS - SEGUNDA APRESENTAÇÃO.'),
(410, 100, '13', 'CONTA ENCERRADA.'),
(411, 100, '14', 'PRÁTICA ESPÚRIA.'),
(412, 100, '20', 'FOLHA DE CHEQUE CANCELADA POR SOLICITAÇÃO DO CORRENTISTA.'),
(413, 100, '21', 'CONTRA-ORDEM (OU REVOGAÇÃO) OU OPOSIÇÃO (OU SUSTAÇÃO) AO PAGAMENTO PELO EMITENTE OU\r\nPELO PORTADOR.'),
(414, 100, '22', 'DIVERGÊNCIA OU INSUFICIÊNCIA DE ASSINATURA.'),
(415, 100, '23', 'CHEQUES EMITIDOS POR ENTIDADES E ÓRGÃOS DA ADMINISTRAÇÃO PÚBLICA FEDERAL DIRETA E\r\nINDIRETA, EM DESA'),
(416, 100, '24', 'BLOQUEIO JUDICIAL OU DETERMINAÇÃO DO BANCO CENTRAL DO BRASIL.'),
(417, 100, '25', 'CANCELAMENTO DE TALONÁRIO PELO BANCO SACADO.'),
(418, 100, '28', 'CONTRA-ORDEM (OU REVOGAÇÃO) OU OPOSIÇÃO (OU SUSTAÇÃO) AO PAGAMENTO OCASIONADA POR\r\nFURTO OU ROUBO.'),
(419, 100, '29', 'CHEQUE BLOQUEADO POR FALTA DE CONFIRMAÇÃO DO RECEBIMENTO DO TALONÁRIO PELO\r\nCORRENTISTA.'),
(420, 100, '30', 'FURTO OU ROUBO DE MALOTES.'),
(421, 100, '31', 'ERRO FORMAL (SEM DATA DE EMISSÃO, COM O MÊS GRAFADO NUMERICAMENTE, AUSÊNCIA DE\r\nASSINATURA, NÃO-REGI'),
(422, 100, '32', 'AUSÊNCIA OU IRREGULARIDADE NA APLICAÇÃO DO CARIMBO DE COMPENSAÇÃO.'),
(423, 100, '33', 'DIVERGÊNCIA DE ENDOSSO.'),
(424, 100, '34', 'CHEQUE APRESENTADO POR ESTABELECIMENTO BANCÁRIO QUE NÃO O INDICADO NO CRUZAMENTO EM\r\nPRETO, SEM O EN'),
(425, 100, '35', 'CHEQUE FRAUDADO, EMITIDO SEM PRÉVIO CONTROLE OU RESPONSABILIDADE DO ESTABELECIMENTO\r\nBANCÁRIO ("CHEQ'),
(426, 100, '36', 'CHEQUE EMITIDO COM MAIS DE UM ENDOSSO.'),
(427, 100, '40', 'MOEDA INVÁLIDA.'),
(428, 100, '41', 'CHEQUE APRESENTADO A BANCO QUE NÃO O SACADO.'),
(429, 100, '42', 'CHEQUE NÃO-COMPENSÁVEL NA SESSÃO OU SISTEMA DE COMPENSAÇÃO EM QUE FOI APRESENTADO.'),
(430, 100, '43', 'CHEQUE, DEVOLVIDO ANTERIORMENTE PELOS MOTIVOS 21, 22, 23, 24, 31 OU 34, NÃO-PASSÍVEL DE\r\nREAPRESENTA'),
(431, 100, '44', 'CHEQUE PRESCRITO.'),
(432, 100, '48', 'CHEQUE EMITIDO POR ENTIDADE OBRIGADA A REALIZAR MOVIMENTAÇÃO E UTILIZAÇÃO DE RECURSOS\r\nFINANCEIROS D'),
(433, 100, '49', 'REMESSA NULA, CARACTERIZADA PELA REAPRESENTAÇÃO DE CHEQUE DEVOLVIDO PELOS MOTIVOS 12,\r\n13, 14, 20, 25, 28, 30, 35, 43, 44 E 45, PODENDO A SUA DEVOLUÇÃO OCORRER A QUALQUER TEMPO.'),
(434, 100, '45', 'CHEQUE EMITIDO POR ENTIDADE OBRIGADA A REALIZAR MOVIMENTAÇÃO E UTILIZAÇÃO DE RECURSOS\r\nFINANCEIROS DO TESOURO NACIONAL MEDIANTE ORDEM BANCÁRIA.'),
(435, 42, '01', 'CEP SEM ATENDIMENTO DE PROTESTO NESSE MOMENTO'),
(436, 42, '0', 'NÃO É BOLETO DDA (SACADO NÃO ADERIU AO DDA ATÉ O MOMENTO)'),
(437, 42, '1', 'BOLETO DDA (SACADO ADERIU AO DDA EM AO MENOS UM BANCO DE RELACIONAMENTO)'),
(438, 27, '08', 'Custas de protesto'),
(439, 27, '12', 'Tarifa de registro'),
(440, 27, '13', 'Tarifa título pago no Bradesco'),
(441, 27, '14', 'Tarifa título pago compensação'),
(442, 27, '15', 'Tarifa título baixado não pago'),
(443, 27, '16', 'Tarifa alteração de vencimento'),
(444, 27, '17', 'Tarifa concessão abatimento'),
(445, 27, '18', 'Tarifa cancelamento de abatimento'),
(446, 27, '19', 'Tarifa concessão desconto'),
(447, 27, '20', 'Tarifa cancelamento desconto'),
(448, 27, '21', 'Tarifa título pago cics'),
(449, 27, '22', 'Tarifa título pago Internet'),
(450, 27, '23', 'Tarifa título pago term. gerencial serviços'),
(451, 27, '24', 'Tarifa título pago Pág-Contas'),
(452, 27, '25', 'Tarifa título pago Fone Fácil'),
(453, 27, '26', 'Tarifa título Déb. Postagem'),
(454, 27, '27', 'Tarifa impressão de títulos pendentes'),
(455, 27, '28', 'Tarifa título pago BDN'),
(456, 27, '29', 'Tarifa título pago Term. Multi Função'),
(457, 27, '30', 'Impressão de títulos baixados'),
(458, 27, '31', 'Impressão de títulos pagos ('),
(459, 27, '32', 'Tarifa título pago Pagfor'),
(460, 27, '33', 'Tarifa reg/pgto – guichê caixa'),
(461, 27, '34', 'Tarifa título pago retaguarda'),
(462, 27, '35', 'Tarifa título pago Subcentro'),
(463, 27, '36', 'Tarifa título pago Cartão de Crédito'),
(464, 27, '37', 'Tarifa título pago Comp Eletrônica'),
(465, 27, '38', 'Tarifa título Baix. Pg. Cartório'),
(466, 27, '39', 'Tarifa título baixado acerto BCO'),
(467, 27, '40', 'Baixa registro em duplicidade'),
(468, 27, '41', 'Tarifa título baixado decurso prazo'),
(469, 27, '42', 'Tarifa título baixado Judicialmente'),
(470, 27, '43', 'Tarifa título baixado via remessa'),
(471, 27, '44', 'Tarifa título baixado rastreamento'),
(472, 27, '45', 'Tarifa título baixado conf. Pedido'),
(473, 27, '46', 'Tarifa título baixado protestado'),
(474, 27, '47', 'Tarifa título baixado p/ devolução'),
(475, 27, '48', 'Tarifa título baixado franco pagto'),
(476, 27, '49', 'Tarifa título baixado SUST/RET/CARTÓRIO'),
(477, 27, '50', 'Tarifa título baixado SUS/SEM/REM/CARTÓRIO'),
(478, 27, '51', 'Tarifa título transferido desconto'),
(479, 27, '52', 'Cobrado baixa manual'),
(480, 27, '53', 'Baixa por acerto cliente'),
(481, 27, '54', 'Tarifa baixa por contabilidade'),
(482, 27, '55', 'Tr. tentativa cons deb aut'),
(483, 27, '56', 'Tr. credito online'),
(484, 27, '57', 'Tarifa reg/pagto Bradesco Expresso'),
(485, 27, '58', 'Tarifa emissão Papeleta'),
(486, 27, '59', 'Tarifa fornec papeleta semi preenchida'),
(487, 27, '60', 'Acondicionador de papeletas (RPB)S'),
(488, 27, '61', 'Acond. De papelatas (RPB)s PERSONAL'),
(489, 27, '62', 'Papeleta formulário branco'),
(490, 27, '63', 'Formulário A4 serrilhado'),
(491, 27, '64', 'Fornecimento de softwares transmiss'),
(492, 27, '65', 'Fornecimento de softwares consulta'),
(493, 27, '66', 'Fornecimento Micro Completo'),
(494, 27, '67', 'Fornecimento MODEN'),
(495, 27, '68', 'Fornecimento de máquina FAX'),
(496, 27, '69', 'Fornecimento de máquinas óticas'),
(497, 27, '70', 'Fornecimento de Impressoras'),
(498, 27, '71', 'Reativação de título'),
(499, 27, '72', 'Alteração de produto negociado'),
(500, 27, '73', 'Tarifa emissão de contra recibo'),
(501, 27, '74', 'Tarifa emissão 2a via papeleta'),
(502, 27, '75', 'Tarifa regravação arquivo retorno'),
(503, 27, '76', 'Arq. Títulos a vencer mensal'),
(504, 27, '77', 'Listagem auxiliar de crédito'),
(505, 27, '78', 'Tarifa cadastro cartela instrução permanente'),
(506, 27, '79', 'Canalização de Crédito'),
(507, 27, '80', 'Cadastro de Mensagem Fixa'),
(508, 27, '81', 'Tarifa reapresentação automática título'),
(509, 27, '82', 'Tarifa registro título déb. Automático'),
(510, 27, '83', 'Tarifa Rateio de Crédito'),
(511, 27, '84', 'Emissão papeleta sem valor'),
(512, 27, '85', 'Sem uso'),
(513, 27, '86', 'Cadastro de reembolso de diferença'),
(514, 27, '87', 'Relatório fluxo de pagto'),
(515, 27, '88', 'Emissão Extrato mov. Carteira'),
(516, 27, '89', 'Mensagem campo local de pagto'),
(517, 27, '90', 'Cadastro Concessionária serv. Publ.'),
(518, 27, '91', 'Classif. Extrato Conta Corrente'),
(519, 27, '92', 'Contabilidade especial'),
(520, 27, '93', 'Realimentação pagto'),
(521, 27, '94', 'Repasse de Créditos'),
(522, 27, '96', 'Tarifa reg. Pagto outras mídias'),
(523, 27, '97', 'Tarifa Reg/Pagto – Net Empresa'),
(524, 27, '98', 'Tarifa título pago vencido'),
(525, 27, '99', 'TR Tít. Baixado por decurso prazo'),
(526, 27, '100', 'Arquivo Retorno Antecipado'),
(527, 27, '101', 'Arq retorno Hora/Hora'),
(528, 27, '102', 'TR. Agendamento Déb Aut'),
(529, 27, '105', 'TR. Agendamento rat. Crédito'),
(530, 27, '106', 'TR Emissão aviso rateio'),
(531, 27, '107', 'Extrato de protesto'),
(532, 28, '78', 'Pagador alega que faturamento e indevido'),
(533, 28, '95', 'Pagador aceita/reconhece o faturamento'),
(534, 29, '01', 'Código do Banco inválido'),
(535, 29, '04', 'Código de ocorrência não permitido para a carteira'),
(536, 29, '05', 'Código da ocorrência não numérico'),
(537, 29, '08', 'Nosso número inválido'),
(538, 29, '15', 'Característica da cobrança incompatível'),
(539, 29, '16', 'Data de vencimento inválido'),
(540, 29, '17', 'Data de vencimento anterior a data de emissão'),
(541, 29, '18', 'Vencimento fora do prazo de operação'),
(542, 29, '24', 'Data de emissão Inválida'),
(543, 29, '26', 'Código de juros de mora inválido'),
(544, 29, '27', 'Valor/taxa de juros de mora inválido'),
(545, 29, '28', 'Código de desconto inválido'),
(546, 29, '29', 'Valor do desconto maior/igual ao valor do Título'),
(547, 29, '30', 'Desconto a conceder não confere'),
(548, 29, '31', 'Concessão de desconto já existente'),
(549, 29, '32', 'Valor do IOF inválido'),
(550, 29, '33', 'Valor do abatimento inválido'),
(551, 29, '34', 'Valor do abatimento maior/igual ao valor do Título'),
(552, 29, '38', 'Prazo para protesto/ Negativação inválido'),
(553, 29, '39', 'Pedido para protesto/ Negativação não permitido para o título'),
(554, 29, '40', 'Título com ordem/pedido de protesto/Negativação emitido'),
(555, 29, '42', 'Código para baixa/devolução inválido'),
(556, 29, '46', 'Tipo/número de inscrição do pagador inválidos'),
(557, 29, '48', 'Cep Inválido'),
(558, 29, '53', 'Tipo/Número de inscrição do pagador/avalista inválidos'),
(559, 29, '54', 'Pagadorr/avalista não informado'),
(560, 29, '57', 'Código da multa inválido'),
(561, 29, '58', 'Data da multa inválida'),
(562, 29, '60', 'Movimento para Título não cadastrado'),
(563, 29, '79', 'Data de Juros de mora Inválida'),
(564, 29, '80', 'Data do desconto inválida'),
(565, 29, '85', 'Título com Pagamento Vinculado.'),
(566, 29, '88', 'E-mail Pagador não lido no prazo 5 dias'),
(567, 29, '91', 'E-mail pagador não recebido'),
(568, 30, '01', 'Código do Banco inválido'),
(569, 30, '02', 'Código do registro detalhe inválido'),
(570, 30, '04', 'Código de ocorrência não permitido para a carteira'),
(571, 30, '05', 'Código de ocorrência não numérico'),
(572, 30, '07', 'Agência/Conta/dígito inválidos'),
(573, 30, '08', 'Nosso número inválido'),
(574, 30, '10', 'Carteira inválida'),
(575, 30, '15', 'Características da cobrança incompatíveis'),
(576, 30, '16', 'Data de vencimento inválida'),
(577, 30, '17', 'Data de vencimento anterior a data de emissão'),
(578, 30, '18', 'Vencimento fora do prazo de operação'),
(579, 30, '20', 'Valor do título inválido'),
(580, 30, '21', 'Espécie do Título inválida'),
(581, 30, '22', 'Espécie não permitida para a carteira'),
(582, 30, '24', 'Data de emissão inválida'),
(583, 30, '28', 'Código de desconto via Telebradesco inválido'),
(584, 30, '29', 'Valor do desconto maior/igual ao valor do Título'),
(585, 30, '30', 'Desconto a conceder não confere'),
(586, 30, '31', 'Concessão de desconto - Já existe desconto anterior'),
(587, 30, '33', 'Valor do abatimento inválido'),
(588, 30, '34', 'Valor do abatimento maior/igual ao valor do Título'),
(589, 30, '36', 'Concessão abatimento - Já existe abatimento anterior'),
(590, 30, '38', 'Prazo para protesto/ Negativação inválido'),
(591, 30, '39', 'Pedido para protesto/ Negativação não permitido para o título ('),
(592, 30, '40', 'Título com ordem/pedido de protesto/Negativação emitido'),
(593, 30, '41', 'Pedido de sustação/excl p/ Título sem instrução de protesto/Negativação'),
(594, 30, '42', 'Código para baixa/devolução inválido'),
(595, 30, '45', 'Nome do Pagador não informado'),
(596, 30, '46', 'Tipo/número de inscrição do Pagador inválidos'),
(597, 30, '47', 'Endereço do Pagador não informado'),
(598, 30, '48', 'CEP Inválido'),
(599, 30, '50', 'CEP referente a um Banco correspondente'),
(600, 30, '53', 'Tipo de inscrição do pagador avalista inválidos'),
(601, 30, '60', 'Movimento para Título não cadastrado'),
(602, 30, '85', 'Título com pagamento vinculado'),
(603, 30, '86', 'Seu número inválido'),
(604, 30, '94', 'Título Penhorado – Instrução Não Liberada pela Agência'),
(605, 30, '97', 'Instrução não permitida título negativado'),
(606, 30, '98', 'Inclusão Bloqueada face a determinação Judicial'),
(607, 30, '99', 'Telefone beneficiário não informado / inconsistente'),
(608, 33, '81', 'Tentativas esgotadas, baixado'),
(609, 33, '82', 'Tentativas esgotadas, pendente'),
(610, 33, '83', 'Cancelado pelo Pagador e Mantido Pendente, conforme negociação'),
(611, 33, '84', 'Cancelado pelo pagador e baixado, conforme negociação');

-- --------------------------------------------------------

--
-- Estrutura para tabela `operacoes`
--

CREATE TABLE IF NOT EXISTS `operacoes` (
`id` int(11) NOT NULL,
  `id_banco` int(11) NOT NULL,
  `id_layout` int(11) NOT NULL,
  `descricao` varchar(100) NOT NULL
) ENGINE=InnoDB AUTO_INCREMENT=70 DEFAULT CHARSET=latin1;

--
-- Fazendo dump de dados para tabela `operacoes`
--

INSERT INTO `operacoes` (`id`, `id_banco`, `id_layout`, `descricao`) VALUES
(1, 1, 2, 'Tipo de Inscrição Empresa'),
(2, 1, 2, 'Identificação de Ocorrência'),
(3, 2, 6, 'IDENTIFICAÇÃO DO TIPO DE INSCRIÇÃO/EMPRESA'),
(4, 2, 6, 'IDENTIFICAÇÃO DA OCORRÊNCIA'),
(5, 2, 6, 'ESPÉCIE DO TÍTULO'),
(6, 2, 6, 'CÓDIGO DE LIQUIDAÇÃO'),
(7, 5, 9, 'Código de Movimento Retorno'),
(8, 5, 9, 'Identificação para Rejeições, Tarifas, Custas, Liquidação e Baixas'),
(9, 5, 7, 'Tipo de Inscrição da Empresa'),
(10, 3, 13, 'Tipo de inscrição da empresa'),
(11, 3, 14, 'Tipo de inscrição da empresa'),
(12, 3, 15, 'Tipo de inscrição sacado'),
(13, 3, 15, 'Códigos de Movimento'),
(14, 3, 15, 'Identificação para rejeições, tarifas, custas, liquidações e baixas'),
(15, 3, 15, 'Código da Carteira'),
(16, 3, 15, 'Código da moeda'),
(59, 4, 20, 'Prefixo do Título'),
(60, 4, 20, 'Tipo de Inscrição do Beneficiário'),
(61, 4, 20, 'Carteira/Modalidade'),
(62, 4, 20, 'Comando/Movimento'),
(63, 4, 20, 'Espécie do Título');

--
-- Índices de tabelas apagadas
--

--
-- Índices de tabela `bancos`
--
ALTER TABLE `bancos`
 ADD PRIMARY KEY (`id`);

--
-- Índices de tabela `detalhes_op`
--
ALTER TABLE `detalhes_op`
 ADD PRIMARY KEY (`id`), ADD KEY `id_op` (`id_op`);

--
-- Índices de tabela `layouts`
--
ALTER TABLE `layouts`
 ADD PRIMARY KEY (`id`), ADD KEY `id_banco` (`id_banco`);

--
-- Índices de tabela `motivos`
--
ALTER TABLE `motivos`
 ADD PRIMARY KEY (`id`), ADD KEY `id_dt` (`id_dt`);

--
-- Índices de tabela `operacoes`
--
ALTER TABLE `operacoes`
 ADD PRIMARY KEY (`id`), ADD KEY `id_banco` (`id_banco`), ADD KEY `id_layout` (`id_layout`);

--
-- AUTO_INCREMENT de tabelas apagadas
--

--
-- AUTO_INCREMENT de tabela `bancos`
--
ALTER TABLE `bancos`
MODIFY `id` int(11) NOT NULL AUTO_INCREMENT,AUTO_INCREMENT=6;
--
-- AUTO_INCREMENT de tabela `detalhes_op`
--
ALTER TABLE `detalhes_op`
MODIFY `id` int(11) NOT NULL AUTO_INCREMENT,AUTO_INCREMENT=350;
--
-- AUTO_INCREMENT de tabela `layouts`
--
ALTER TABLE `layouts`
MODIFY `id` int(11) NOT NULL AUTO_INCREMENT,AUTO_INCREMENT=22;
--
-- AUTO_INCREMENT de tabela `motivos`
--
ALTER TABLE `motivos`
MODIFY `id` int(11) NOT NULL AUTO_INCREMENT,AUTO_INCREMENT=612;
--
-- AUTO_INCREMENT de tabela `operacoes`
--
ALTER TABLE `operacoes`
MODIFY `id` int(11) NOT NULL AUTO_INCREMENT,AUTO_INCREMENT=70;
--
-- Restrições para dumps de tabelas
--

--
-- Restrições para tabelas `detalhes_op`
--
ALTER TABLE `detalhes_op`
ADD CONSTRAINT `detalhes_op_ibfk_1` FOREIGN KEY (`id_op`) REFERENCES `operacoes` (`id`);

--
-- Restrições para tabelas `layouts`
--
ALTER TABLE `layouts`
ADD CONSTRAINT `layouts_ibfk_1` FOREIGN KEY (`id_banco`) REFERENCES `bancos` (`id`);

--
-- Restrições para tabelas `motivos`
--
ALTER TABLE `motivos`
ADD CONSTRAINT `motivos_ibfk_1` FOREIGN KEY (`id_dt`) REFERENCES `detalhes_op` (`id`);

--
-- Restrições para tabelas `operacoes`
--
ALTER TABLE `operacoes`
ADD CONSTRAINT `operacoes_ibfk_1` FOREIGN KEY (`id_banco`) REFERENCES `bancos` (`id`),
ADD CONSTRAINT `operacoes_ibfk_2` FOREIGN KEY (`id_layout`) REFERENCES `layouts` (`id`);

/*!40101 SET CHARACTER_SET_CLIENT=@OLD_CHARACTER_SET_CLIENT */;
/*!40101 SET CHARACTER_SET_RESULTS=@OLD_CHARACTER_SET_RESULTS */;
/*!40101 SET COLLATION_CONNECTION=@OLD_COLLATION_CONNECTION */;
